ID	구분	12-05	12-06	12-07	12-08	12-09	12-10	12-11	12-12	13-01	13-02	13-03	13-04	13-05	13-06	13-07	13-08	13-09	13-10	13-11	13-12	14-01	14-02	14-03	14-04	14-05	14-06	14-07	14-08	14-09	14-10	14-11	14-12	15-01	15-02	15-03	15-04	15-05	15-06	15-07	15-08	15-09	15-10	15-11	15-12	16-01	16-02	16-03
1	배기운	21	48	128	121	147	70	138	73	65	111	102	125	128	95	134	154	125	99	255	201	65	77	149	108	41	4	0	0	0	0	0	0	0	0	0	0	0	0	0	0	0	0	0	0	0	0	0
1	김성곤	21	36	102	62	110	26	76	46	49	52	54	46	64	43	47	74	46	58	59	84	41	41	48	48	15	35	24	44	72	64	57	80	64	23	76	83	53	25	33	67	43	66	57	14	3	10	0
1	김광진	19	33	41	35	41	15	7	14	19	29	52	54	40	55	82	65	49	63	83	67	38	49	90	47	66	45	32	61	36	42	45	70	27	23	65	84	22	20	36	48	28	44	44	24	2	14	0
1	이한성	0	37	46	107	57	17	40	14	48	45	83	86	83	46	53	69	58	42	87	36	21	16	46	62	61	40	36	32	77	24	32	38	30	8	42	49	18	8	38	34	30	32	37	22	2	12	0
1	이만우	12	19	58	52	54	27	43	33	55	42	80	79	95	68	57	86	71	38	138	85	27	28	73	68	77	38	13	26	32	28	23	62	14	7	23	42	18	5	7	17	14	29	12	4	1	9	2
1	박홍근	19	23	79	72	70	29	49	38	19	28	32	48	23	43	37	38	31	55	73	46	47	51	72	43	41	44	15	14	38	23	54	37	17	14	25	92	30	24	33	43	43	45	34	21	4	14	0
1	박남춘	19	23	74	44	51	17	37	14	36	37	27	23	31	17	21	29	27	16	73	61	54	51	80	51	25	24	34	32	45	33	46	81	42	16	61	94	45	14	35	47	36	50	36	18	1	10	0
1	윤관석	19	14	52	31	41	18	42	31	46	71	67	83	74	59	50	49	80	26	81	51	28	29	51	36	33	28	28	29	27	14	33	39	17	12	39	42	22	11	20	22	35	45	25	8	2	13	0
1	김태원	3	42	54	77	59	13	39	26	66	63	66	47	55	50	32	21	11	15	87	84	29	49	63	54	67	29	15	13	24	33	33	29	21	8	28	36	35	8	35	12	17	39	29	32	8	12	0
1	부좌현	19	3	27	13	29	7	7	8	3	21	10	27	41	57	36	46	41	23	49	23	19	43	73	87	76	58	31	33	57	47	40	74	53	16	69	68	57	18	37	41	20	61	55	28	3	7	0
1	유성엽	2	25	34	60	90	46	78	69	35	53	49	60	71	49	32	52	78	23	58	30	26	36	46	44	50	20	12	14	18	9	24	39	25	5	49	38	42	13	19	23	20	26	19	12	3	11	0
1	김우남	30	79	64	41	86	19	68	63	44	46	20	15	39	17	30	41	38	15	108	95	14	15	19	2	2	27	12	18	41	26	53	73	62	9	59	43	32	10	37	39	23	18	18	16	2	6	0
1	박민수	19	15	38	56	36	20	28	7	12	16	13	39	11	26	50	71	11	9	40	94	38	27	62	27	33	15	11	35	56	40	32	93	79	25	117	87	34	12	17	28	25	33	73	13	2	7	0
1	정성호	19	64	111	87	130	31	42	8	37	59	35	21	16	19	17	29	14	5	29	18	20	48	64	54	65	47	25	36	49	61	46	64	34	13	20	28	10	3	10	22	48	23	18	19	1	8	0
1	김춘진	25	48	80	56	95	32	65	44	42	51	35	41	56	18	34	58	31	15	88	72	29	33	38	18	20	21	15	10	29	22	20	33	29	2	40	35	25	7	25	36	18	32	22	13	3	8	0
1	박인숙	1	44	83	89	123	29	31	25	77	76	104	34	60	50	57	42	23	15	56	87	33	25	32	21	38	18	22	11	23	20	10	24	20	2	18	23	5	13	14	10	11	12	10	23	7	6	0
1	전순옥	19	9	26	14	51	24	58	29	24	39	43	70	81	59	63	56	68	26	72	61	50	64	65	33	31	31	30	28	48	32	15	27	14	17	14	29	12	7	14	17	19	24	22	10	2	7	0
1	장하나	19	50	65	36	48	11	66	20	16	13	7	25	30	30	39	19	58	42	73	99	58	69	115	56	58	53	38	25	19	28	16	25	15	11	12	21	8	2	5	17	21	31	19	12	2	17	0
1	정희수	0	29	66	98	60	17	67	34	74	52	58	43	40	32	25	40	44	23	64	48	17	35	29	32	43	32	16	24	34	22	22	36	37	7	16	34	12	16	8	21	18	20	15	19	5	9	0
1	최민희	19	71	99	96	102	35	31	17	24	28	43	54	51	46	57	40	82	26	45	31	33	41	46	33	18	8	9	22	17	22	17	30	21	11	24	35	7	4	6	21	9	15	15	9	2	13	0
1	이명수	0	30	41	50	35	25	27	29	76	72	63	39	44	43	33	28	31	34	83	41	22	37	43	46	52	35	12	12	27	29	28	34	35	3	8	24	16	12	16	22	24	25	22	16	4	8	0
1	김영록	21	16	61	29	43	24	39	19	19	28	23	25	42	24	28	31	36	41	83	62	17	19	21	12	19	32	15	18	48	38	34	61	28	8	67	37	28	15	19	38	39	49	25	15	3	7	0
1	조정식	22	33	49	40	56	23	21	3	35	31	23	29	24	32	26	9	33	43	90	33	18	22	20	32	21	26	10	12	7	23	30	31	30	7	53	98	38	21	30	24	49	51	46	29	6	8	0
1	이찬열	26	26	45	18	44	9	26	11	14	29	31	22	38	13	20	18	37	9	55	18	22	38	54	59	46	35	16	11	15	17	29	41	34	14	73	88	64	14	25	40	34	50	39	16	4	10	0
1	배재정	19	19	58	51	64	23	21	5	28	22	26	25	46	37	38	36	26	24	41	42	30	35	63	36	55	30	19	12	20	26	15	36	11	11	53	77	26	17	30	16	23	27	28	18	4	11	0
1	이노근	0	7	19	20	46	23	17	30	64	47	28	30	31	37	45	25	24	26	57	31	30	55	49	61	71	29	16	8	30	33	20	49	32	9	29	34	18	11	19	16	16	41	24	39	7	12	0
1	강기정	34	45	61	47	61	19	56	54	31	33	38	20	29	25	32	16	17	37	77	45	13	28	48	44	11	35	21	17	14	19	18	62	22	8	13	19	7	3	9	23	18	61	20	13	2	8	0
1	황주홍	19	18	37	18	33	19	22	11	23	19	7	10	12	7	16	29	14	4	33	48	9	14	32	36	45	23	24	15	31	21	23	35	27	19	57	52	61	37	60	65	60	64	80	33	2	8	0
1	최규성	23	35	58	31	35	26	43	22	11	21	19	28	13	17	24	22	27	26	98	68	9	29	22	14	3	33	11	14	33	30	29	33	15	4	45	50	28	10	19	55	51	70	24	9	3	9	0
1	홍종학	19	30	70	64	93	33	85	29	43	68	55	61	70	62	34	17	18	17	39	38	12	14	28	9	8	6	9	16	5	20	31	17	8	1	6	20	4	9	8	13	16	29	27	14	1	12	0
1	강창일	29	48	63	19	36	15	39	34	8	16	18	28	26	17	32	28	38	32	179	61	17	14	29	24	18	24	18	20	19	19	20	27	26	8	11	34	26	7	17	21	7	30	17	7	1	7	0
1	강동원	0	13	37	48	66	29	42	25	26	24	40	34	56	51	45	35	38	8	43	51	20	23	35	23	11	24	12	11	36	23	26	41	33	10	29	32	16	8	12	35	21	15	14	4	1	7	0
1	김관영	19	31	62	36	50	26	41	23	40	25	20	38	38	18	23	28	5	8	19	30	16	32	29	23	24	20	6	32	45	37	17	31	20	6	42	40	25	12	8	36	51	51	18	17	2	7	1
1	주승용	29	59	77	33	45	15	29	12	10	20	16	21	19	5	24	24	29	29	132	45	9	10	17	10	6	15	9	29	27	16	30	35	16	6	40	44	18	12	30	43	36	55	14	12	3	8	0
1	김승남	19	6	36	33	57	16	20	16	14	24	9	19	49	28	15	31	28	13	29	32	18	27	44	39	22	27	21	21	55	32	25	71	54	9	62	31	15	5	14	18	23	55	20	9	3	7	0
1	최동익	19	25	47	71	66	17	31	28	20	22	32	26	44	29	48	57	36	13	76	35	21	21	36	18	8	9	13	10	25	13	28	16	22	4	36	32	13	15	11	22	15	42	24	11	3	7	0
1	민홍철	19	53	111	75	107	22	24	16	6	34	54	33	76	45	38	30	10	17	28	14	9	24	11	14	17	11	2	8	7	8	3	8	4	4	62	81	27	8	28	13	10	9	7	2	2	6	0
1	전정희	19	25	96	97	96	19	38	22	35	46	32	35	30	18	19	11	42	17	34	34	12	41	40	24	12	17	9	9	16	9	18	14	15	8	4	19	10	2	12	43	21	33	19	8	3	7	0
1	김윤덕	20	20	43	54	52	24	31	11	13	17	8	23	37	21	14	40	9	35	38	38	11	32	40	23	18	14	7	16	21	10	32	29	26	15	30	44	57	9	18	33	56	33	16	14	3	7	0
1	윤명희	12	12	26	31	52	12	63	13	59	39	37	25	43	22	26	14	16	16	48	61	16	14	36	48	30	20	29	28	41	25	15	62	18	5	7	20	18	0	15	12	16	21	6	18	6	7	0
1	류지영	12	20	28	24	47	7	35	9	50	26	28	29	49	31	33	16	43	16	25	17	24	28	20	14	25	18	11	21	24	16	19	42	23	10	16	38	24	18	46	27	32	39	35	23	7	10	0
1	안규백	22	29	37	31	41	14	24	18	20	22	19	28	23	18	24	32	38	11	35	28	25	29	19	17	15	42	13	12	37	22	15	20	18	3	35	41	45	8	29	39	45	40	35	25	1	7	0
1	김재윤	22	21	74	74	89	9	39	20	27	42	33	43	46	17	32	32	42	39	67	47	30	42	73	35	42	30	26	18	4	7	1	5	5	0	0	7	0	0	0	1	1	5	1	0	0	0	0
1	이상직	19	6	27	14	38	13	33	23	23	36	8	38	41	30	26	30	57	17	67	32	16	39	40	32	19	24	13	19	32	15	24	33	44	11	53	32	11	0	17	12	23	30	11	4	2	12	0
1	윤후덕	19	17	71	37	68	9	29	7	3	16	30	20	41	26	44	66	60	18	52	51	19	23	37	13	28	23	9	10	6	14	10	13	15	0	8	14	4	1	7	20	51	58	51	17	1	8	0
1	김을동	1	29	62	47	52	25	36	15	51	41	52	23	38	31	27	19	16	24	40	27	18	21	14	20	21	25	9	14	22	18	19	36	36	0	30	22	11	22	12	12	27	28	28	10	4	7	1
1	홍지만	0	17	49	44	41	19	45	25	59	27	16	25	38	24	23	17	28	20	39	29	16	20	18	32	23	12	9	20	21	20	24	52	21	7	35	29	17	7	24	14	17	34	30	19	8	9	1
1	백재현	22	17	44	37	66	14	51	37	18	31	37	16	41	20	30	23	26	4	49	43	18	18	24	18	21	14	10	32	12	24	16	41	15	8	18	28	10	11	14	21	7	42	46	9	2	8	0
1	인재근	19	18	46	34	48	11	49	36	23	31	23	30	38	25	17	11	20	10	48	28	28	50	23	14	9	15	11	1	10	18	13	21	17	3	20	42	9	10	22	36	56	53	35	11	1	9	0
1	이원욱	18	6	28	17	49	16	16	11	17	26	14	22	23	32	22	42	18	29	31	42	16	33	35	31	9	20	16	29	19	19	20	32	29	9	31	40	28	14	24	36	16	64	24	12	4	12	0
1	강기윤	0	14	47	53	25	10	28	43	57	10	60	16	35	22	16	31	18	7	67	43	13	34	43	40	40	14	12	26	26	14	16	36	12	4	16	21	16	4	15	15	9	30	18	14	3	6	1
1	양승조	33	40	49	38	54	19	20	28	31	32	30	23	25	13	29	26	11	29	58	34	26	21	34	41	15	16	9	5	26	23	18	22	13	10	27	55	5	14	12	12	9	23	22	6	1	12	0
1	남인순	19	15	37	24	38	11	41	13	35	40	39	49	52	23	47	37	55	20	39	34	40	21	48	21	18	28	11	7	26	29	4	13	11	13	2	24	3	3	12	24	16	24	15	6	2	6	0
1	이낙연	27	59	76	65	80	16	48	56	31	42	38	32	49	30	28	49	19	11	104	121	34	27	34	10	8	0	0	0	0	0	0	0	0	0	0	0	0	0	0	0	0	0	0	0	0	0	0
1	박성호	12	26	50	52	48	3	38	39	59	31	68	26	34	15	22	21	12	21	43	41	15	14	23	25	42	10	1	5	13	21	7	25	12	3	23	35	6	0	19	8	10	33	18	23	5	8	0
1	김세연	1	34	59	45	60	19	45	22	58	37	41	29	49	42	16	31	40	12	57	57	20	18	34	20	9	5	5	5	14	20	1	6	15	2	36	22	3	2	3	5	8	8	22	11	3	8	0
1	김상희	19	9	44	21	47	13	41	9	9	15	6	29	21	28	17	14	22	10	65	23	23	26	62	20	50	23	16	9	17	17	9	16	21	6	54	86	19	10	9	16	19	20	16	10	1	14	0
1	최봉홍	12	4	28	37	36	8	38	15	49	29	35	28	26	21	24	21	18	19	130	48	31	6	13	10	22	16	8	7	25	21	13	34	26	2	11	26	11	3	28	13	12	33	18	15	5	9	1
1	이학영	19	8	24	22	36	5	21	14	16	28	12	20	30	48	64	26	23	51	50	47	30	28	39	19	27	17	12	5	21	29	15	31	15	20	23	24	9	6	4	15	29	22	23	5	1	7	0
1	김현미	19	19	57	30	60	22	31	25	25	30	15	29	24	19	19	10	28	13	41	41	11	15	20	18	11	14	9	42	31	33	13	20	15	18	26	17	6	4	2	18	36	30	42	15	1	10	0
1	정청래	19	5	37	26	44	9	40	23	13	24	34	25	49	20	11	5	11	5	29	51	7	8	36	17	11	16	10	19	24	20	23	51	34	11	18	43	6	11	12	49	23	48	32	13	1	9	0
1	박수현	19	10	38	13	50	21	29	33	17	28	21	26	36	17	33	70	85	29	51	30	15	39	42	46	19	15	2	11	8	13	22	10	13	1	10	21	8	8	16	9	7	16	9	3	1	11	0
1	송영근	0	8	25	24	17	3	30	8	56	11	18	25	33	22	22	16	24	25	32	45	21	17	23	18	28	22	11	21	23	20	24	39	38	5	20	39	34	13	38	20	15	35	29	13	6	9	2
1	손인춘	12	8	36	39	54	19	25	15	59	22	24	24	49	32	26	14	24	12	44	33	34	19	22	32	15	17	14	13	19	24	13	32	21	5	11	25	12	1	34	16	13	19	14	10	6	8	0
1	문정림	0	6	13	23	8	2	14	14	57	50	48	18	54	42	45	38	53	32	50	52	19	34	11	24	9	16	6	20	25	17	12	31	30	2	13	28	10	4	8	10	17	9	16	8	3	11	0
1	유승우	0	14	41	35	21	15	28	14	61	28	34	34	43	44	49	42	37	23	154	27	8	8	23	10	10	4	3	4	11	13	12	21	18	7	20	24	7	1	23	2	5	4	16	5	5	1	2
1	신경민	19	11	49	65	59	23	34	22	25	23	21	13	22	21	40	42	23	16	34	16	10	18	27	16	16	9	4	5	6	12	14	33	30	8	15	41	20	2	26	23	14	37	25	11	2	8	0
1	진성준	19	33	57	31	47	17	19	13	14	17	12	22	23	25	17	43	54	20	39	43	27	35	44	14	10	15	17	3	13	11	4	9	27	3	16	28	9	6	9	17	31	47	18	5	4	8	0
1	우원식	19	28	57	41	57	20	58	26	21	23	17	38	32	35	15	20	24	12	27	27	23	24	23	12	11	12	3	7	7	22	20	12	7	7	13	18	6	3	13	12	49	39	35	8	2	9	0
1	이에리사	0	15	16	66	96	16	37	14	53	26	40	21	39	16	20	2	13	5	39	16	14	6	26	47	37	35	29	29	39	14	23	28	30	5	9	19	4	1	5	6	8	10	3	2	2	7	0
1	김정록	14	20	41	70	73	12	41	46	54	27	10	13	43	11	39	15	23	4	31	18	30	15	17	18	27	11	3	10	25	15	10	16	8	6	10	27	16	0	10	18	19	16	30	10	3	7	0
1	강은희	14	20	51	59	34	1	38	8	71	53	35	29	42	28	19	9	15	15	42	31	11	11	16	18	19	11	14	3	12	22	10	35	37	11	23	28	13	0	26	12	11	9	4	10	2	0	0
1	서영교	19	6	49	40	57	14	27	9	25	17	15	26	24	17	19	33	41	22	30	40	42	27	50	11	13	12	14	19	19	7	5	34	15	1	16	25	7	4	8	13	26	35	13	9	3	13	1
1	안홍준	1	27	34	20	39	8	20	19	60	35	45	33	32	24	10	28	36	16	56	36	13	14	17	21	35	8	12	21	14	14	12	31	6	6	21	22	5	3	4	16	11	33	24	17	2	7	0
1	이춘석	19	32	70	29	63	28	29	23	25	28	29	25	31	22	19	38	31	21	27	26	8	16	34	5	12	5	6	13	14	11	1	21	12	3	17	24	6	9	8	11	38	32	23	8	2	9	0
1	이윤석	21	30	40	30	41	15	25	11	12	13	26	37	30	18	30	41	14	31	74	59	12	20	20	12	9	17	9	9	8	27	26	21	18	7	11	20	13	6	11	14	13	16	5	15	3	6	0
1	김성주	19	42	61	58	64	33	27	13	17	19	14	28	19	28	40	26	16	14	21	14	19	24	30	36	10	21	9	6	14	12	17	17	8	12	7	19	5	6	10	8	9	28	13	8	2	15	0
1	윤호중	19	2	48	25	42	7	21	4	5	19	17	12	11	20	42	37	73	38	71	28	17	22	23	33	14	8	6	39	14	29	27	11	10	4	6	13	4	2	3	20	18	21	6	9	1	13	0
1	오제세	33	90	53	38	53	19	20	10	4	15	5	8	12	13	5	9	5	26	128	18	10	8	16	12	6	8	12	37	16	19	25	10	7	6	25	41	3	12	10	21	2	16	11	3	2	8	1
1	권성동	1	16	32	31	31	11	16	12	58	24	25	13	26	18	12	10	15	12	95	17	14	10	20	10	26	7	5	20	16	18	29	32	26	8	40	16	12	5	32	7	12	36	14	10	2	9	0
1	안민석	19	16	41	25	44	23	41	52	19	20	17	11	17	18	49	18	9	9	39	16	11	23	49	22	30	18	12	19	30	18	12	12	15	1	16	46	7	1	10	10	10	7	10	5	2	10	0
1	김한표	1	8	37	23	24	10	32	7	43	21	21	31	36	19	24	15	20	27	53	36	9	32	21	53	26	9	4	8	23	18	17	30	19	4	41	33	10	0	4	3	10	13	10	7	1	7	0
1	서용교	6	30	46	30	22	8	16	4	46	24	25	34	26	33	13	10	14	13	119	22	9	8	19	36	18	9	2	15	10	17	8	23	32	7	38	32	10	5	9	5	16	7	10	2	3	6	0
1	이목희	19	9	34	21	34	19	28	14	2	12	11	14	12	15	12	9	6	5	16	24	20	17	31	18	13	33	21	16	27	17	26	23	12	2	31	68	13	17	24	31	41	39	20	9	2	10	0
1	김기준	19	8	52	20	48	11	30	9	15	25	11	27	36	23	21	24	10	10	64	24	29	13	37	12	18	10	9	10	15	27	9	17	15	18	33	23	12	2	16	22	7	19	17	10	1	8	0
1	임수경	19	11	30	14	34	29	28	3	12	19	16	28	19	7	4	5	6	3	22	24	20	20	28	19	10	18	16	49	38	29	43	48	29	6	20	29	16	6	12	18	19	31	11	13	3	10	1
1	우윤근	23	50	82	28	53	15	29	40	25	25	13	19	26	25	28	38	21	32	37	54	11	8	21	4	1	6	3	22	5	11	2	2	8	0	1	18	11	6	3	8	16	25	14	10	1	11	0
1	정문헌	1	5	35	24	42	15	16	30	57	29	32	23	37	29	23	34	28	11	33	26	20	11	16	7	17	9	11	13	27	19	16	52	14	5	11	16	11	3	5	6	11	21	8	10	2	8	1
1	권은희	0	17	36	41	24	7	30	19	58	25	41	27	40	27	19	12	9	40	24	19	12	8	12	9	5	12	18	6	13	25	13	23	11	3	16	29	14	2	25	11	21	27	24	7	2	14	0
1	김동철	29	46	67	38	84	16	21	30	13	27	33	21	21	19	20	23	12	39	20	18	6	7	20	13	5	16	5	2	5	17	8	40	16	4	1	12	11	3	5	20	16	23	10	5	1	7	1
1	박주선	13	47	14	4	0	13	16	18	13	10	20	16	23	29	21	26	4	4	13	26	14	23	38	20	19	30	13	16	46	29	20	47	15	2	23	39	30	11	20	27	13	14	17	5	1	6	0
1	한정애	19	10	65	43	43	14	26	16	12	15	20	19	28	40	14	16	38	8	37	33	13	27	28	14	12	14	8	0	9	17	0	19	9	9	17	28	5	2	8	14	26	21	15	12	3	15	0
1	이완영	4	8	22	21	23	8	36	9	58	18	16	12	20	13	12	9	12	16	82	17	9	15	12	36	14	17	10	19	24	34	29	27	30	7	12	22	6	1	12	7	12	23	41	12	7	7	0
1	김경협	19	22	35	44	49	10	17	12	12	12	11	16	27	25	20	18	33	10	35	25	22	15	44	14	16	16	16	8	16	20	17	18	18	5	10	24	18	2	9	17	14	32	12	14	3	7	0
1	이종걸	19	9	34	19	40	18	20	12	16	20	13	28	32	32	29	26	11	34	59	31	20	19	20	20	16	29	13	8	25	10	11	22	9	3	15	26	13	8	4	8	10	14	9	4	2	14	0
1	장병완	26	47	60	41	48	7	18	13	9	10	24	18	13	9	15	9	5	34	60	13	6	10	13	30	6	18	4	11	7	19	19	38	13	9	13	12	5	3	11	12	20	51	19	8	2	7	1
1	정진후	0	17	31	17	33	17	39	19	5	15	24	21	19	38	18	22	21	22	31	44	30	27	34	21	27	24	17	21	19	11	10	22	5	1	15	32	4	4	11	9	10	16	8	7	0	1	0
1	변재일	22	33	41	23	40	13	20	12	7	7	1	6	17	18	13	25	35	7	38	34	15	24	31	31	18	16	5	20	23	23	32	14	6	5	9	23	10	9	7	7	43	23	12	12	1	7	0
1	진선미	19	6	35	17	44	8	20	7	9	5	12	7	9	7	12	6	15	15	19	15	12	27	41	27	24	27	14	9	14	14	12	24	13	10	9	50	17	3	8	23	28	57	42	19	1	9	1
1	전병헌	19	38	57	54	74	22	25	23	38	17	26	34	78	27	12	5	3	1	14	6	6	14	9	5	5	10	8	4	15	20	0	8	4	3	22	19	3	3	7	7	14	22	21	6	2	12	0
1	김민기	19	17	34	20	47	17	33	11	21	19	6	13	40	21	5	13	15	18	35	12	26	40	13	12	7	6	5	8	8	12	8	26	18	4	14	23	35	8	17	13	26	26	31	5	2	11	1
1	이우현	0	24	20	18	18	6	10	10	49	11	29	25	23	17	18	8	19	24	18	18	19	8	13	20	37	12	7	6	20	17	22	33	23	7	42	36	14	7	20	10	17	23	17	15	2	7	0
1	함진규	0	4	13	12	26	6	16	3	54	27	30	21	19	21	10	18	7	25	46	17	20	21	21	31	24	18	12	2	19	24	16	24	19	4	17	23	12	4	21	8	15	30	16	15	8	9	0
1	조명철	1	3	22	12	8	4	8	7	48	16	26	43	57	37	33	32	25	12	46	22	11	21	8	10	19	13	16	13	20	20	8	28	10	6	10	26	11	3	4	14	14	13	18	13	5	7	0
1	노영민	19	25	39	17	41	9	12	13	7	13	15	24	27	13	19	10	23	8	41	34	13	17	38	16	8	12	8	7	10	24	13	20	18	2	23	20	27	2	18	17	14	28	15	7	1	13	0
1	유승희	19	6	28	20	42	12	23	6	13	14	4	33	43	32	34	22	49	5	27	19	9	20	16	9	4	11	1	2	1	9	8	19	7	0	10	31	31	5	11	13	14	35	47	15	2	6	0
1	김기선	0	10	21	18	20	6	12	9	53	12	17	21	35	21	15	11	17	14	53	25	19	31	26	27	33	8	7	22	12	18	14	21	12	4	9	29	18	2	5	12	14	14	11	17	2	8	0
1	주영순	0	26	46	29	32	3	15	6	47	23	18	23	20	14	20	13	28	13	83	20	25	6	17	10	17	11	7	2	27	20	8	15	25	1	10	21	16	8	7	9	9	12	7	4	2	7	0
1	김용익	19	30	39	35	44	10	31	14	18	22	16	13	20	27	14	13	14	6	51	39	19	15	23	32	13	12	7	4	9	11	8	8	11	10	10	20	1	8	4	6	17	22	17	3	1	14	0
1	정갑윤	3	24	30	36	19	8	12	12	48	9	3	11	33	21	10	18	16	20	48	38	15	13	21	19	35	7	1	3	5	15	4	35	14	2	21	33	19	1	5	14	8	34	8	10	6	12	1
1	추미애	19	1	24	11	31	11	7	17	11	13	16	17	35	42	40	38	22	18	31	18	18	19	32	16	11	31	10	8	9	12	16	22	18	4	14	24	6	1	3	11	13	20	17	7	2	6	0
1	유은혜	19	30	45	23	42	24	30	11	3	13	36	32	27	27	13	20	11	7	15	13	12	28	24	7	13	19	7	4	7	14	11	35	9	1	11	25	1	5	14	9	12	20	21	7	1	12	0
1	문병호	19	17	73	46	68	21	43	9	17	36	25	24	58	34	25	32	24	8	25	11	10	12	13	5	1	10	5	6	2	6	4	13	6	2	3	10	1	1	5	2	4	10	10	4	0	8	0
1	서상기	0	24	40	27	18	10	26	21	50	13	10	13	33	12	11	3	10	8	49	20	7	3	19	9	15	14	11	5	17	14	12	28	22	3	12	30	5	7	10	17	16	35	28	17	7	7	0
1	이채익	0	8	20	29	21	3	17	2	45	14	14	19	20	20	7	22	11	39	41	13	11	11	14	33	15	9	9	15	16	18	5	35	8	3	49	35	10	9	10	10	17	26	18	3	2	9	0
1	유대운	19	24	80	67	112	36	46	16	6	15	12	5	5	5	5	6	8	1	13	7	5	14	32	27	10	10	9	11	3	9	6	5	32	14	7	28	2	1	5	5	7	11	3	3	1	14	0
1	한명숙	19	8	45	22	35	10	24	5	17	28	20	24	22	19	44	17	27	11	62	38	17	20	39	15	16	14	5	10	2	15	11	21	7	5	9	22	4	2	12	16	0	0	0	0	0	0	0
1	강석호	0	18	21	9	18	5	12	7	41	14	6	17	19	9	30	16	14	12	62	15	15	15	16	14	22	14	12	8	20	28	16	44	22	9	17	26	8	4	9	13	9	34	11	12	5	9	1
1	최재성	19	14	30	26	41	10	23	23	1	18	18	28	28	23	28	15	11	5	33	7	7	8	22	13	6	8	3	31	18	28	33	21	4	1	5	38	6	9	8	22	16	13	14	11	2	8	0
1	김성찬	0	66	71	50	16	7	13	4	43	6	0	10	22	13	10	15	22	28	40	42	17	7	13	17	11	11	5	6	18	13	8	15	13	2	5	19	3	7	4	2	15	25	13	17	2	6	0
1	이인영	19	6	27	24	41	13	31	15	15	23	10	26	43	30	22	22	12	6	27	8	9	17	19	8	14	9	7	0	5	25	12	25	5	1	10	21	7	5	12	9	24	42	24	10	2	8	0
1	도종환	19	27	40	52	51	17	8	12	14	20	14	21	25	29	16	13	7	7	21	17	12	11	21	13	25	16	7	21	3	14	8	31	9	2	12	35	4	6	5	9	12	10	12	4	3	10	0
1	원혜영	22	12	49	31	43	14	11	6	21	19	12	7	15	7	16	22	12	21	29	26	20	9	13	9	6	15	15	7	5	18	23	21	14	3	8	41	7	8	17	12	10	32	11	5	2	6	0
1	문대성	0	20	27	34	37	5	29	16	18	21	28	29	29	11	9	7	16	19	20	15	9	13	29	40	50	20	11	8	13	20	6	14	8	2	6	16	10	5	17	3	7	9	9	6	2	8	0
1	이현재	0	26	46	39	38	8	13	26	44	9	18	21	38	20	18	7	14	20	41	16	16	10	11	16	13	13	7	9	14	14	8	9	12	2	4	17	10	1	10	5	8	16	17	3	2	10	1
1	노웅래	19	7	49	34	47	11	37	14	7	24	23	18	26	21	22	32	10	8	25	18	8	12	19	6	3	7	7	17	8	10	10	14	8	1	13	18	8	3	7	7	11	27	27	8	1	7	1
1	염동열	0	4	19	22	19	12	23	1	47	13	18	7	16	9	24	3	11	9	35	31	5	13	29	31	31	13	13	20	17	21	7	33	35	2	12	26	10	1	13	10	12	13	9	10	2	7	0
1	김상훈	0	8	11	20	9	5	17	5	48	15	6	14	13	15	5	14	18	9	50	16	17	6	26	21	17	22	11	22	31	18	25	35	18	4	12	28	9	8	8	9	14	22	15	7	4	6	0
1	이자스민	12	10	19	18	23	4	28	25	53	18	33	13	25	7	8	7	31	21	22	5	11	10	18	25	16	7	11	17	17	19	12	32	10	3	3	24	10	8	16	8	8	11	12	3	3	7	0
1	김종태	0	4	8	14	12	3	7	3	49	4	7	10	23	23	16	6	17	16	39	27	9	5	22	21	18	12	14	5	50	19	25	34	23	4	20	26	20	5	8	11	21	14	9	5	3	8	0
1	이상민	19	5	78	46	53	16	24	35	22	13	6	8	23	15	28	20	13	8	34	34	9	24	15	10	10	17	6	15	5	9	0	7	5	0	6	12	0	0	4	5	8	12	2	4	1	11	0
1	이종진	0	33	47	35	32	18	19	2	44	20	19	14	16	19	8	8	13	12	45	12	8	3	12	13	8	9	6	1	12	16	14	16	12	8	10	17	9	7	8	11	23	21	18	7	4	6	0
1	오영식	19	6	32	15	36	7	7	9	9	10	12	16	15	8	31	23	55	9	27	12	6	10	33	14	7	5	7	11	3	13	11	14	11	1	15	20	15	6	15	14	33	39	20	6	1	6	0
1	김태년	19	16	34	27	52	12	13	6	6	22	33	24	24	25	12	18	7	4	20	12	6	18	37	16	13	19	11	7	8	14	8	16	9	1	7	22	1	10	15	17	9	11	8	10	2	11	0
1	전해철	19	5	35	17	33	10	14	13	24	27	31	20	25	9	11	18	13	3	13	14	9	7	21	6	3	13	5	4	6	8	7	21	16	5	22	35	15	12	9	22	34	24	13	9	1	7	0
1	홍영표	19	10	32	37	42	16	30	8	10	14	11	18	16	16	14	11	16	11	37	33	8	11	36	13	13	7	10	8	22	12	6	13	19	5	6	13	9	4	9	7	8	15	8	9	3	7	0
1	유기홍	19	5	37	20	42	14	22	15	7	23	24	16	25	12	17	12	8	6	36	23	12	11	24	11	31	23	9	9	6	17	10	17	7	2	13	31	5	0	6	4	3	6	20	10	2	8	0
1	김명연	0	8	20	17	29	9	8	15	43	11	12	7	28	14	10	8	7	4	12	13	13	7	21	12	7	10	14	12	34	19	5	34	33	8	20	12	8	4	10	14	18	18	30	27	3	8	0
1	황영철	0	25	33	35	15	11	27	6	53	12	27	13	39	27	17	5	7	7	34	5	10	27	26	21	10	14	7	12	2	14	5	12	10	0	7	22	4	3	7	8	8	19	11	5	2	10	0
1	신경림	0	14	24	18	40	11	24	10	49	19	4	9	22	7	12	5	17	0	14	20	14	4	12	13	13	14	13	11	18	22	6	25	25	2	7	7	13	14	27	10	14	22	15	21	4	8	0
1	은수미	19	11	43	34	41	7	23	12	15	17	10	22	29	21	20	17	27	22	23	33	15	17	19	5	9	7	2	2	5	13	7	16	5	2	6	22	3	2	7	6	7	22	7	6	1	8	0
1	임내현	19	12	44	20	28	8	20	8	4	21	6	5	15	17	4	10	3	5	65	49	7	10	25	8	11	15	3	10	9	11	13	21	7	3	13	18	9	5	11	10	31	23	7	5	1	14	0
1	정호준	19	16	30	15	26	7	11	26	13	12	8	5	11	22	25	35	14	10	41	13	16	9	12	8	5	9	3	0	1	12	5	12	14	11	26	33	11	3	7	12	27	23	18	10	6	10	0
1	박완주	20	23	35	18	49	11	27	41	13	29	26	19	23	24	27	19	23	13	28	5	11	19	21	7	10	7	1	1	4	11	1	8	6	3	2	10	9	10	6	9	5	10	6	3	1	6	0
1	홍문표	0	13	19	26	17	14	27	20	40	24	11	9	16	7	5	11	21	7	30	18	9	4	12	9	5	8	4	4	16	12	14	34	38	2	22	23	4	2	7	14	22	8	13	13	6	6	0
1	민현주	15	30	22	42	50	5	20	1	43	22	12	15	32	16	17	8	7	8	23	28	11	3	8	11	13	12	5	6	14	13	7	13	13	2	11	28	3	3	5	10	12	10	7	2	2	6	0
1	이이재	2	4	24	17	29	19	16	4	47	20	16	23	22	8	23	19	13	7	44	22	13	4	9	12	4	7	7	15	16	13	12	14	18	2	5	25	8	1	13	5	10	10	12	10	5	9	0
1	박명재	0	0	0	0	0	0	0	0	0	0	0	0	0	0	0	0	0	0	9	16	16	20	40	21	22	15	16	14	18	34	30	52	23	13	47	40	15	3	22	25	13	34	24	31	9	13	3
1	이진복	0	4	19	42	13	3	14	6	54	10	7	17	23	20	18	14	10	19	44	17	19	15	13	25	5	5	6	7	7	19	7	15	14	3	10	25	7	2	6	8	11	21	13	2	5	6	0
1	심재권	19	7	46	29	40	7	18	9	23	22	26	32	25	15	14	9	7	4	22	23	8	12	25	6	9	6	5	5	7	8	3	9	11	4	7	29	3	0	3	6	18	17	9	2	2	7	0
1	김동완	12	17	19	22	31	5	11	16	58	25	10	20	27	18	12	14	5	18	28	20	11	16	10	11	4	6	2	5	12	15	6	23	8	2	3	18	2	0	11	7	14	20	9	2	2	6	0
1	김장실	12	13	28	62	25	11	16	3	48	11	9	18	27	9	19	5	13	10	33	28	12	3	10	7	16	13	5	5	10	8	11	18	6	3	5	20	8	0	2	3	9	19	6	0	4	6	0
1	신장용	19	29	75	32	59	19	34	25	22	41	18	23	31	20	17	41	15	20	42	20	5	0	0	0	0	0	0	0	0	0	0	0	0	0	0	0	0	0	0	0	0	0	0	0	0	0	0
1	민병두	19	13	31	14	38	7	15	6	5	12	9	25	19	25	20	12	27	12	32	15	17	21	13	7	7	11	2	4	19	8	6	8	4	3	8	10	7	4	10	12	23	23	9	7	2	6	0
1	김성태	15	6	15	20	20	3	16	10	45	5	6	21	22	12	11	6	12	10	106	8	12	1	13	7	5	7	2	3	16	25	11	16	30	3	13	14	6	3	5	1	7	13	5	8	4	7	0
1	이강후	0	6	19	19	9	2	21	4	42	15	13	18	17	23	6	20	21	15	24	16	12	7	14	13	7	8	9	5	15	27	12	36	7	2	6	33	8	4	8	8	14	17	6	9	2	6	0
1	신성범	0	26	33	35	25	7	27	9	55	10	6	13	16	24	13	10	11	8	19	20	11	5	12	9	6	9	3	8	11	14	4	29	11	3	6	16	3	4	7	4	10	16	13	12	4	7	0
1	김현	19	26	51	20	35	14	12	6	7	11	3	5	12	8	7	8	4	4	16	7	7	15	30	11	2	10	5	2	0	8	18	18	8	3	13	36	3	9	10	34	19	26	8	12	2	12	0
1	박창식	0	8	10	19	7	6	6	3	45	13	5	13	19	18	18	4	6	10	47	29	20	11	15	24	17	12	2	5	9	18	6	20	23	1	14	21	9	1	15	10	12	14	9	10	4	6	0
1	강석훈	0	11	6	14	7	1	12	1	40	5	22	11	19	6	6	2	9	11	61	18	15	15	11	6	10	9	4	5	11	20	11	42	12	4	8	24	6	2	36	9	9	17	19	8	3	11	2
1	박대동	0	2	18	17	23	7	16	8	53	15	15	13	13	8	9	9	10	24	36	15	14	16	9	6	11	7	8	1	8	18	10	28	11	1	9	21	4	5	8	4	9	22	28	5	3	10	0
1	민병주	12	5	23	37	27	3	14	4	50	34	17	9	17	11	19	7	15	23	20	29	22	10	11	8	9	15	2	4	10	9	7	9	13	3	5	21	0	1	1	4	10	15	3	5	3	6	0
1	이석현	23	17	41	24	39	10	11	14	12	17	5	15	10	10	11	8	4	8	27	15	18	11	31	9	9	5	3	3	6	20	2	15	4	1	1	12	2	0	4	10	36	26	14	4	2	8	0
1	박덕흠	0	6	15	11	8	10	20	5	45	12	4	7	14	20	8	15	5	8	26	9	18	16	15	5	25	5	3	1	12	27	18	28	10	4	5	24	6	2	6	6	13	27	21	22	1	6	0
1	신의진	12	21	20	18	29	13	23	15	57	26	16	12	22	20	28	0	8	5	21	12	11	6	9	9	12	6	1	1	4	8	1	31	5	2	12	20	13	0	4	6	8	17	0	2	2	6	0
1	김제남	0	11	21	5	27	19	29	17	10	17	11	18	24	28	16	14	17	21	10	31	8	18	24	11	14	15	19	9	15	15	7	4	3	5	1	9	7	3	5	2	9	13	5	6	0	0	0
1	김재원	0	20	38	16	13	10	24	13	45	4	27	21	16	11	12	16	16	10	48	18	11	14	11	12	8	5	5	3	6	10	11	9	10	1	0	16	5	10	2	4	11	19	1	3	1	7	0
1	정세균	17	15	28	11	25	10	15	10	14	9	8	22	8	9	8	7	3	5	34	9	10	26	18	17	11	11	6	8	5	8	5	17	5	2	2	21	5	14	5	7	9	38	22	19	2	7	0
1	유승민	0	8	26	22	9	4	10	9	44	12	2	3	16	12	9	1	5	4	23	10	14	19	14	7	5	10	16	25	40	20	9	27	38	4	5	15	1	0	4	8	16	12	12	9	2	6	0
1	박원석	0	19	29	32	30	16	21	19	10	19	14	12	12	32	9	8	18	20	18	18	2	7	16	6	17	13	13	4	8	13	4	18	0	1	8	19	5	4	3	9	10	9	3	9	0	0	0
1	박지원	20	8	29	10	27	8	10	9	1	19	2	9	9	20	11	43	34	17	25	12	10	5	18	8	11	13	2	7	4	8	2	12	7	3	16	27	5	7	9	9	19	15	3	8	1	2	0
1	한기호	2	17	41	26	11	9	21	7	62	17	17	28	32	5	6	2	5	8	19	6	7	6	18	4	10	5	3	7	10	14	12	14	15	0	4	11	3	6	2	1	9	20	11	8	4	6	0
1	이언주	19	11	29	19	32	7	12	20	17	15	9	12	14	20	11	12	9	5	25	11	23	9	24	6	19	9	7	3	11	14	4	5	7	9	5	17	4	2	4	5	20	14	6	5	2	7	0
1	전하진	0	7	22	16	19	5	7	7	48	7	13	11	18	6	6	8	30	10	28	13	22	8	11	8	18	11	1	8	9	18	7	24	19	5	2	18	5	1	10	5	8	20	18	3	3	6	0
1	설훈	19	14	26	22	28	8	19	13	2	11	18	12	6	12	8	8	4	5	25	9	11	8	12	10	8	6	1	15	2	10	6	10	8	7	13	68	9	3	6	6	8	15	20	7	1	10	0
1	주호영	0	13	37	32	8	9	18	1	40	8	6	12	18	2	17	5	4	4	32	16	17	6	21	10	7	8	6	3	8	11	10	19	15	6	14	20	5	10	7	11	12	16	5	4	4	7	0
1	김상민	11	0	13	11	20	2	17	3	41	14	8	22	16	15	16	23	14	6	52	41	16	1	11	19	8	9	4	5	8	15	5	17	5	1	7	18	3	1	8	7	8	9	4	2	1	6	0
1	이학재	0	3	7	5	19	0	7	0	39	5	1	21	51	21	17	3	11	6	60	11	5	6	12	8	19	13	4	3	19	19	2	12	10	1	5	18	6	2	5	8	9	24	23	10	5	6	0
1	윤재옥	0	0	10	14	23	10	12	6	53	2	8	15	21	27	7	12	23	9	37	14	9	12	14	16	12	12	9	8	16	11	5	15	16	0	6	17	5	3	4	5	8	7	9	7	4	8	0
1	박범계	19	9	37	10	27	9	10	10	20	11	9	13	20	8	6	5	18	8	17	10	9	13	16	2	2	5	2	24	6	22	20	21	5	3	5	12	5	5	2	17	13	27	7	3	2	10	0
1	정수성	0	6	24	18	9	4	10	4	41	11	9	11	16	17	9	8	12	6	18	12	8	4	7	16	11	7	4	7	19	25	7	27	11	2	12	23	1	2	10	5	13	25	20	8	7	7	0
1	김희국	0	13	20	22	14	4	7	15	48	17	11	19	26	12	9	8	8	6	21	4	5	8	11	8	5	6	8	6	15	17	17	21	14	3	7	11	3	2	8	7	12	13	17	12	5	7	0
1	심상정	0	10	22	18	19	10	25	13	10	19	10	9	16	36	9	9	23	17	11	21	4	21	37	16	21	13	16	2	9	11	6	3	8	3	1	17	6	0	3	2	7	9	4	6	0	0	0
1	윤영석	3	15	25	19	18	1	6	1	44	3	4	3	11	2	7	2	16	15	28	8	7	8	15	27	24	8	4	10	16	8	5	14	10	1	21	16	20	0	20	11	8	16	5	14	4	7	0
1	이헌승	0	7	27	28	22	13	15	1	39	25	21	20	18	11	13	4	14	18	35	13	8	6	10	14	3	7	1	0	10	14	5	8	10	0	6	18	1	2	5	1	11	23	9	2	4	6	0
1	조경태	21	5	22	9	52	11	20	4	13	11	6	8	11	8	7	5	4	1	16	19	12	5	38	19	16	11	9	3	10	18	8	9	19	0	5	17	10	0	8	7	6	11	17	6	1	6	0
1	박혜자	19	10	34	11	38	9	5	2	7	15	11	24	21	11	17	15	10	4	15	11	10	6	20	29	17	11	1	1	3	13	14	11	8	8	5	16	10	0	4	6	12	11	2	5	1	6	0
1	김도읍	0	7	19	14	20	16	14	5	42	7	9	8	24	9	9	5	7	3	22	9	21	22	11	12	2	6	2	0	9	18	3	8	14	6	11	33	6	3	16	4	10	13	12	11	2	7	0
1	김기식	19	10	37	23	36	13	5	4	7	17	1	21	7	0	2	3	12	13	35	11	11	11	23	10	9	11	10	7	5	7	4	8	4	1	8	33	1	1	8	3	4	25	18	4	1	7	0
1	경대수	0	5	13	16	14	5	10	4	43	13	5	7	26	11	7	7	6	11	14	5	9	2	14	15	3	7	1	2	14	20	13	17	11	6	27	27	12	12	7	5	15	14	14	9	2	8	0
1	신학용	19	11	31	15	38	8	16	15	2	11	10	12	18	9	2	5	4	6	72	12	6	10	12	5	11	15	8	7	9	10	4	8	11	5	6	15	5	3	4	5	6	9	3	5	1	8	0
1	나성린	0	13	24	13	17	17	13	2	39	4	10	8	16	13	14	10	11	13	21	16	7	6	9	11	7	5	4	1	11	27	5	25	12	2	1	19	1	3	8	5	9	22	13	4	2	10	2
1	김태흠	0	15	23	30	20	12	15	8	46	22	18	13	13	11	11	3	13	7	31	11	6	7	10	9	2	6	2	3	8	12	9	28	7	2	6	14	0	1	4	6	10	9	5	2	3	10	1
1	이종훈	12	12	32	17	25	5	11	10	44	7	17	9	12	8	2	3	12	7	50	24	17	2	11	19	6	7	0	9	6	10	2	11	23	1	2	10	1	2	4	2	8	7	13	3	2	7	0
1	홍의락	19	19	33	11	34	11	20	5	5	17	5	18	28	12	3	12	5	12	31	15	7	11	25	9	4	8	6	6	8	11	10	11	8	9	3	13	1	0	0	4	1	7	12	6	1	6	0
1	김현숙	12	18	32	25	29	5	10	4	39	11	1	14	41	12	17	5	11	10	19	13	7	17	6	16	30	14	4	0	8	13	3	20	9	2	6	10	5	0	2	0	0	0	0	0	0	0	0
1	안효대	5	1	12	16	7	14	9	2	41	13	9	13	10	12	24	8	8	10	40	15	11	9	7	17	39	10	8	0	13	7	3	22	9	0	11	18	2	1	4	5	7	7	5	2	6	6	0
1	심재철	2	7	12	13	6	3	3	4	41	15	8	8	12	18	4	6	16	10	41	22	18	8	13	8	5	7	5	1	26	21	5	21	11	0	9	19	8	3	9	7	9	14	5	3	1	6	0
1	김영환	19	18	32	19	31	11	29	18	16	12	7	16	14	13	18	10	10	3	20	15	6	13	12	1	5	8	2	1	2	6	8	2	8	4	2	11	2	1	1	5	4	32	13	2	1	7	0
1	송호창	19	4	31	14	27	1	1	5	1	2	1	5	5	1	15	13	13	4	7	8	15	9	27	16	2	8	1	2	13	19	7	14	5	4	12	17	4	0	1	31	25	26	30	13	2	6	0
1	박대출	0	15	19	31	16	8	9	7	43	10	19	13	20	3	8	5	10	17	17	16	14	4	12	7	8	9	1	5	6	15	6	25	8	0	12	9	2	1	6	5	7	8	4	11	5	7	0
1	이장우	0	6	14	19	16	17	9	6	41	29	14	23	14	8	13	8	3	12	30	6	8	2	5	11	18	11	5	0	10	8	6	21	7	2	2	13	5	2	11	6	10	13	8	1	3	6	0
1	박윤옥	0	0	0	0	0	0	0	0	0	0	0	0	0	0	0	0	0	0	0	0	8	3	9	24	25	18	21	19	85	29	29	33	10	5	5	18	17	5	9	19	18	15	27	18	4	8	0
1	심학봉	0	1	11	20	9	5	14	1	46	15	11	15	21	18	21	10	9	22	26	18	9	9	7	22	9	16	5	10	18	15	4	24	7	2	3	20	1	1	4	0	0	1	0	0	0	0	0
1	유재중	0	11	17	16	17	3	7	1	41	24	4	12	31	12	6	8	20	3	15	9	13	4	13	6	4	7	0	11	5	14	4	11	8	1	2	17	3	0	27	10	9	10	15	18	4	7	0
1	박기춘	27	14	32	19	44	13	16	11	2	7	3	6	12	11	9	17	23	7	28	16	18	14	17	24	5	7	4	1	9	12	4	5	8	0	5	18	6	1	0	1	1	1	0	0	0	0	0
1	한선교	0	42	19	11	8	4	11	0	43	11	17	17	19	9	8	6	6	15	16	13	9	0	10	17	13	5	9	7	17	9	1	16	18	0	7	7	3	4	9	6	12	8	7	0	2	6	0
1	조원진	0	8	18	26	15	7	16	10	41	3	31	11	24	13	4	0	7	15	37	26	9	10	10	2	2	4	5	0	9	9	10	10	7	1	14	21	7	0	0	3	9	13	1	0	2	7	0
1	장윤석	3	8	17	7	4	2	4	2	39	11	1	7	9	5	5	7	8	15	14	8	13	2	10	19	17	9	9	9	8	15	7	27	26	4	8	29	9	1	14	4	14	11	15	8	4	8	0
1	서기호	0	0	4	13	18	10	25	19	15	20	21	17	13	32	7	10	15	10	8	12	9	6	13	10	20	20	13	7	10	14	9	15	2	1	8	9	8	0	2	2	6	10	3	9	1	0	0
1	남경필	1	39	32	32	37	15	42	8	46	9	10	16	21	7	12	10	13	17	55	19	12	8	8	2	1	0	0	0	0	0	0	0	0	0	0	0	0	0	0	0	0	0	0	0	0	0	0
1	여상규	3	11	26	27	28	5	11	4	54	7	9	10	15	14	16	7	13	10	23	7	6	1	5	6	6	4	1	10	12	12	5	26	8	1	6	15	1	0	2	3	9	9	4	6	3	8	0
1	이상일	1	6	8	7	0	2	2	1	45	8	24	15	10	9	11	6	13	17	36	9	10	3	9	7	23	8	2	6	8	9	12	17	11	4	7	18	6	3	19	5	12	8	5	13	5	8	0
1	김태환	2	4	17	9	11	3	10	4	44	12	14	7	25	10	5	4	8	6	10	14	9	7	7	4	21	12	4	4	15	15	11	12	14	1	12	14	3	3	10	8	7	13	0	20	8	6	0
1	유기준	0	23	26	31	16	7	28	9	57	13	5	12	25	5	11	9	12	12	24	8	11	4	9	7	1	4	2	1	21	8	3	10	9	0	1	5	0	0	0	1	6	6	1	7	2	6	0
1	하태경	0	4	24	9	21	8	19	3	43	12	7	16	15	7	13	5	6	8	13	8	12	7	15	8	1	4	1	1	13	16	6	19	9	1	3	20	3	2	7	6	11	19	10	8	2	8	0
1	박영선	20	15	64	18	30	12	11	3	8	13	11	13	10	12	8	5	8	6	15	8	6	5	13	11	3	6	2	0	1	12	4	9	5	10	16	15	2	3	3	9	3	11	1	3	1	6	0
1	김광림	12	1	11	6	6	2	5	1	38	3	2	3	16	4	10	7	5	12	18	5	15	7	11	5	8	8	2	5	16	17	16	31	10	1	2	22	1	6	7	10	9	22	24	7	3	9	2
1	김영우	0	4	18	16	12	6	14	7	40	23	11	10	22	8	7	13	9	7	16	8	9	1	31	11	12	7	6	6	6	8	1	11	9	0	4	19	1	2	3	1	9	11	6	3	6	7	0
1	정우택	0	9	15	20	10	3	12	5	40	9	12	17	18	17	10	13	13	9	36	20	8	8	10	11	15	9	1	2	4	16	3	14	6	1	1	13	1	0	4	2	7	6	0	3	1	6	0
1	정의화	1	15	38	24	19	5	11	5	38	8	9	10	24	15	17	13	23	12	34	22	9	9	14	19	28	2	0	0	0	0	0	2	0	0	0	2	0	0	0	0	0	1	3	0	1	0	0
1	신기남	19	3	29	10	26	9	12	1	10	8	1	8	6	2	9	1	6	9	9	6	5	19	13	1	1	7	3	4	4	7	6	13	5	0	11	17	6	8	5	28	24	23	10	14	3	9	0
1	김진태	0	6	21	16	19	10	11	3	45	4	8	8	21	6	3	2	15	8	20	10	10	21	20	3	7	4	5	4	6	7	10	6	8	1	10	11	4	0	4	6	7	11	10	5	1	6	0
1	김재경	0	4	13	8	5	7	8	7	40	16	9	10	15	17	28	12	8	4	31	14	7	6	13	6	5	9	3	0	8	8	6	16	11	2	7	14	2	2	4	3	7	8	5	2	2	7	0
1	박민식	0	3	17	17	20	2	11	2	56	4	11	8	13	3	14	2	9	8	21	4	13	3	14	2	9	6	1	2	8	22	1	14	14	2	3	18	4	0	4	7	9	10	9	5	1	8	0
1	조현룡	0	3	16	20	16	12	15	7	42	14	28	12	9	14	7	5	16	12	28	12	6	4	8	13	19	9	10	0	1	6	4	13	6	0	0	8	3	0	1	1	6	6	1	0	0	0	0
1	유인태	19	10	45	21	42	5	21	10	2	11	7	7	9	1	7	5	10	5	13	7	5	11	13	3	1	10	1	4	5	7	8	6	7	1	3	10	9	0	0	4	18	11	3	5	4	6	0
1	이주영	1	10	17	11	1	3	6	0	41	3	16	16	20	13	6	5	6	7	38	42	19	5	15	4	1	4	0	0	1	6	0	10	8	0	4	21	4	7	4	2	6	7	6	5	2	8	0
1	강길부	0	1	17	11	9	4	3	7	42	7	1	9	13	9	8	5	9	18	18	8	5	11	6	3	9	6	3	1	8	12	12	19	11	1	9	26	7	5	7	4	9	14	7	9	1	7	0
1	이운룡	0	0	0	0	0	0	0	0	38	3	6	10	18	13	9	4	12	9	35	12	11	23	12	9	12	6	0	8	11	16	2	25	8	2	5	25	6	2	5	2	6	12	23	1	3	6	0
1	노철래	1	15	21	19	11	10	5	5	45	18	7	7	18	7	5	5	7	7	33	6	10	2	14	6	7	6	0	3	9	6	3	11	9	2	6	17	2	0	0	6	13	6	8	3	1	6	0
1	신동우	0	15	23	18	15	2	8	0	39	3	6	7	11	9	6	3	7	2	43	11	9	6	11	25	4	6	4	1	4	10	2	12	6	2	5	9	2	1	8	5	7	7	21	1	2	6	0
1	이해찬	19	1	24	6	26	8	7	3	1	12	20	18	16	9	9	14	6	8	11	3	11	12	20	15	3	14	7	4	4	8	5	9	4	2	11	15	5	2	7	4	1	6	1	2	1	6	0
1	이인제	0	5	2	15	4	4	13	5	51	14	2	6	11	8	3	5	8	16	52	8	9	5	9	8	3	5	0	1	6	9	4	27	12	1	2	16	1	0	1	4	12	8	6	3	2	6	0
1	길정우	0	5	11	10	14	2	13	5	42	12	9	9	9	2	3	8	6	7	26	8	17	4	8	11	3	5	2	2	1	10	5	12	10	0	3	17	5	4	7	4	11	15	15	8	3	8	0
1	황진하	0	9	19	16	12	5	14	2	47	11	11	17	13	4	2	6	15	4	16	13	9	6	14	4	11	7	2	0	5	9	7	10	12	1	1	13	0	0	2	3	13	12	5	1	2	6	0
1	홍익표	19	5	29	13	33	8	12	5	6	10	3	14	7	4	2	2	2	9	12	15	9	7	12	3	5	6	6	2	6	10	2	10	5	0	3	19	9	8	14	5	7	14	6	4	3	6	0
1	황인자	0	0	0	0	0	0	0	0	0	0	0	0	0	0	0	0	0	0	0	2	10	6	14	10	14	28	9	7	15	18	23	27	36	11	35	27	14	1	13	19	10	21	10	2	2	6	0
1	송광호	0	16	17	29	21	6	9	0	39	10	0	11	15	11	9	6	8	13	38	11	8	2	16	7	3	7	1	0	1	17	7	7	15	0	3	9	0	0	0	2	6	5	0	0	0	0	0
1	심윤조	0	5	14	9	2	2	7	1	38	12	4	5	17	5	5	1	12	3	23	9	5	2	14	11	23	5	2	2	11	12	4	14	10	0	0	18	3	1	27	2	10	7	6	2	1	8	0
1	문희상	19	2	26	12	30	6	16	2	2	6	0	7	5	4	4	9	9	1	14	13	8	20	13	24	5	11	6	2	10	11	3	2	6	0	1	17	1	1	1	6	3	12	5	8	2	6	0
1	안덕수	0	7	11	16	15	4	10	0	46	5	10	8	14	9	2	1	7	4	25	10	9	9	17	16	25	8	8	7	8	11	7	24	11	0	2	0	0	0	0	0	0	0	0	0	0	0	0
1	박상은	0	5	23	21	13	10	19	2	42	14	6	11	19	16	7	4	6	11	24	14	8	6	7	13	8	5	2	1	1	6	0	0	6	0	0	10	0	0	0	2	8	9	1	4	0	0	0
1	백군기	19	2	25	13	25	5	4	2	1	8	4	19	16	6	6	18	10	7	11	5	6	5	19	3	1	6	1	4	7	5	2	5	15	2	6	12	10	4	2	3	8	12	4	2	1	7	0
1	우상호	19	5	31	13	31	8	8	5	0	11	4	9	8	1	5	5	2	8	13	9	7	5	16	5	7	6	3	0	1	11	1	12	5	0	2	18	2	1	10	2	5	10	7	15	1	9	0
1	원유철	1	9	15	20	12	8	17	1	40	13	5	4	10	7	3	7	6	7	25	9	17	2	9	6	5	4	1	1	2	8	3	13	7	0	3	21	1	1	0	2	6	11	3	0	4	6	0
1	홍일표	1	16	19	22	12	2	5	2	53	7	5	7	13	6	0	2	5	1	9	5	6	2	9	26	2	5	2	0	5	9	4	12	6	1	5	13	4	3	4	5	8	8	11	2	4	6	0
1	신계륜	19	7	25	9	26	7	5	4	5	5	1	4	5	1	2	4	4	1	74	28	6	5	11	2	9	5	4	0	0	15	4	4	6	0	1	10	0	2	1	6	3	5	2	4	2	6	0
1	김용태	1	4	10	15	6	3	9	1	41	4	8	6	15	7	25	4	5	4	24	9	8	3	15	3	1	5	4	1	7	9	9	10	8	0	2	15	6	1	6	2	8	10	4	0	3	7	0
1	김회선	0	0	19	6	0	2	5	0	44	9	5	4	16	8	5	1	4	2	11	10	16	7	9	2	1	5	0	9	9	13	7	26	10	1	5	15	3	2	5	5	7	9	8	12	1	8	1
1	윤상현	2	5	15	15	10	6	5	2	46	13	5	7	11	13	12	4	8	5	11	14	8	7	5	4	4	5	2	2	11	12	5	10	8	2	0	10	1	0	7	6	7	6	2	1	2	6	0
1	김희정	2	5	14	12	19	9	10	2	42	10	11	12	27	9	6	3	12	2	41	9	10	2	10	9	4	6	0	0	1	9	0	4	4	0	0	6	0	0	0	1	6	5	0	0	1	6	0
1	홍문종	0	5	11	12	5	2	5	1	41	7	8	10	13	0	5	16	9	17	16	11	10	0	11	6	7	14	2	0	5	10	2	11	4	0	2	5	1	1	1	1	11	11	7	4	3	6	0
1	조해진	13	1	7	8	7	4	7	3	39	8	5	5	10	7	3	0	7	14	12	3	9	1	7	22	11	10	1	3	17	6	6	10	7	0	0	15	0	0	2	1	8	12	3	4	1	8	0
1	양창영	0	0	0	0	0	0	0	0	0	0	0	0	0	0	0	0	0	0	0	0	0	0	0	0	0	4	1	5	14	17	10	25	26	2	35	35	11	8	10	25	14	28	24	11	7	11	0
1	이용섭	22	13	30	23	35	15	19	7	10	9	12	9	13	13	21	8	3	6	23	6	7	4	9	3	1	0	0	0	0	0	0	0	0	0	0	0	0	0	0	0	0	0	0	0	0	0	0
1	유일호	0	4	6	14	11	1	6	1	40	6	6	5	12	4	8	5	13	11	32	4	10	8	11	6	3	6	0	1	4	9	6	16	7	0	0	13	0	0	0	1	6	5	1	5	2	6	0
1	최재천	19	12	29	19	29	8	8	1	6	11	1	7	13	10	8	6	14	2	13	6	8	14	9	4	1	4	4	1	4	5	0	9	4	0	0	8	0	0	0	2	1	5	5	4	0	0	0
1	김태호	4	15	9	5	6	1	5	2	38	5	2	8	11	5	5	2	6	7	15	12	7	5	12	10	4	4	2	1	4	8	0	10	7	1	1	19	6	3	8	1	7	14	0	4	1	6	0
1	김학용	1	6	13	10	1	2	5	1	25	7	3	5	16	7	8	4	7	10	13	9	14	2	10	3	2	4	2	4	4	12	1	16	9	1	4	20	2	0	4	4	8	6	2	4	5	6	0
1	고희선	0	14	35	15	15	9	32	13	65	21	14	14	23	10	10	3	0	0	0	0	0	0	0	0	0	0	0	0	0	0	0	0	0	0	0	0	0	0	0	0	0	0	0	0	0	0	0
1	김종훈	0	14	12	12	5	1	6	0	37	7	7	6	11	4	3	1	4	3	26	11	13	2	10	3	2	4	0	1	4	10	4	13	6	0	0	6	3	0	0	3	7	10	3	5	2	6	0
1	김미희	0	9	22	9	30	8	23	18	2	12	2	14	4	5	4	3	4	1	3	23	13	11	4	15	7	3	5	3	12	3	7	4	0	0	0	0	0	0	0	0	0	0	0	0	0	0	0
1	윤진식	0	7	13	29	16	8	4	1	39	4	6	13	17	11	34	9	8	8	15	7	9	6	11	5	0	0	0	0	0	0	0	0	0	0	0	0	0	0	0	0	0	0	0	0	0	0	0
1	박성효	0	1	9	17	13	10	8	4	39	4	2	16	9	12	7	1	7	5	51	19	21	6	13	2	1	0	0	0	0	0	0	0	0	0	0	0	0	0	0	0	0	0	0	0	0	0	0
1	성완종	0	12	12	18	11	6	8	2	40	7	4	7	15	10	6	1	13	3	30	16	14	4	12	5	6	10	0	0	0	0	0	0	0	0	0	0	0	0	0	0	0	0	0	0	0	0	0
1	정두언	4	8	19	11	10	7	15	3	8	2	0	2	5	0	0	0	2	0	7	3	5	0	6	2	1	4	3	6	5	8	8	10	19	1	9	11	5	0	11	3	10	12	6	9	2	7	0
1	이군현	3	6	8	11	9	2	4	2	39	7	4	6	15	7	8	2	4	1	14	4	5	0	6	3	4	4	1	1	1	7	1	8	8	2	0	15	1	0	5	4	6	6	3	2	1	6	0
1	김진표	19	25	28	12	29	4	15	8	8	9	2	6	6	3	3	3	6	4	16	10	10	6	9	7	3	0	0	0	0	0	0	0	0	0	0	0	0	0	0	0	0	0	0	0	0	0	0
1	박병석	21	8	26	8	30	5	4	2	1	5	0	3	6	7	5	3	2	2	10	4	5	3	8	3	1	5	1	1	2	8	3	7	5	1	2	12	0	1	1	1	3	8	2	6	1	8	0
1	김무성	0	0	0	0	0	0	0	0	0	0	0	0	15	14	12	4	15	12	37	6	10	8	14	10	13	8	1	0	4	9	3	4	6	0	0	15	0	0	0	1	6	5	3	0	2	6	0
1	안종범	12	4	6	9	5	2	1	0	40	11	6	7	8	7	11	2	7	11	24	11	9	10	10	12	13	2	0	0	0	0	0	0	0	0	0	0	0	0	0	0	0	0	0	0	0	0	0
1	이병석	0	3	5	9	2	1	5	2	38	4	0	4	6	0	0	1	5	0	8	4	6	0	5	2	4	5	1	2	3	10	1	13	8	0	21	18	1	0	8	4	7	7	5	0	2	6	0
1	이한구	5	5	16	10	2	1	4	0	39	3	4	4	9	0	1	0	4	6	12	4	6	1	7	2	7	6	0	1	2	17	1	16	7	0	1	5	0	1	0	1	6	6	1	1	1	6	0
1	김한길	19	5	22	8	24	7	4	1	4	17	3	4	7	1	1	1	1	1	8	3	5	3	9	2	1	4	2	0	0	6	0	2	4	0	0	9	2	1	1	6	6	7	3	9	0	7	0
1	문재인	19	1	23	6	26	7	4	2	0	4	1	7	10	4	3	1	3	3	16	6	5	4	10	1	4	7	3	0	1	5	4	3	5	0	1	10	0	0	0	1	2	6	1	2	1	6	0
1	진영	12	4	8	7	6	6	3	0	40	6	0	2	5	0	0	0	2	1	16	6	5	1	6	5	2	6	0	1	2	7	5	4	8	0	1	13	0	0	0	1	9	5	5	2	2	6	1
1	이재오	1	1	6	6	5	6	3	6	6	4	6	9	12	6	1	5	7	8	14	13	7	1	11	4	4	4	4	0	1	6	2	1	5	0	1	8	0	0	1	2	12	5	3	3	3	6	0
1	오병윤	0	8	20	9	11	8	11	9	3	5	6	12	8	7	6	6	6	3	12	19	4	2	6	7	1	2	4	2	5	5	5	6	0	0	0	0	0	0	0	0	0	0	0	0	0	0	0
1	이상규	0	9	20	6	17	8	10	8	9	4	3	16	6	2	5	3	1	0	1	17	2	4	8	8	0	2	3	0	2	4	10	8	0	0	0	0	0	0	0	0	0	0	0	0	0	0	0
1	최경환	0	9	13	10	0	1	6	1	39	2	4	2	13	1	0	0	2	0	13	4	10	0	11	2	1	4	0	0	1	6	0	4	6	0	0	5	0	0	0	1	6	5	0	0	1	6	0
1	서병수	0	5	12	9	13	6	9	3	43	4	1	7	12	3	2	2	3	3	19	4	7	2	6	4	0	0	0	0	0	0	0	0	0	0	0	0	0	0	0	0	0	0	0	0	0	0	0
1	김기현	0	7	11	10	4	1	8	3	41	15	6	9	18	2	2	1	2	3	12	4	7	3	6	2	1	0	0	0	0	0	0	0	0	0	0	0	0	0	0	0	0	0	0	0	0	0	0
1	이완구	0	0	0	0	0	0	0	0	0	0	0	0	5	0	3	0	3	3	23	18	11	15	11	13	7	13	1	0	2	7	4	5	8	0	0	5	0	0	0	1	6	5	0	0	1	6	0
1	황우여	0	2	6	6	1	1	3	0	39	6	1	5	7	0	0	0	2	0	8	3	5	0	6	2	3	4	0	0	1	6	0	0	4	0	0	5	0	1	0	1	6	5	0	0	1	6	0
1	김재연	0	0	1	3	8	6	4	6	2	4	3	12	3	5	9	7	1	0	6	18	1	3	4	8	0	2	3	0	5	4	3	4	0	0	0	0	0	0	0	0	0	0	0	0	0	0	0
1	정몽준	1	0	5	8	3	0	3	0	42	18	1	2	7	0	0	1	4	1	11	4	8	3	7	4	1	0	0	0	0	0	0	0	0	0	0	0	0	0	0	0	0	0	0	0	0	0	0
1	노회찬	0	12	22	3	27	11	17	10	9	17	0	0	0	0	0	0	0	0	0	0	0	0	0	0	0	0	0	0	0	0	0	0	0	0	0	0	0	0	0	0	0	0	0	0	0	0	0
1	현영희	1	14	39	10	0	1	0	0	0	3	1	7	5	9	3	1	3	8	14	4	3	0	0	0	0	0	0	0	0	0	0	0	0	0	0	0	0	0	0	0	0	0	0	0	0	0	0
1	유정복	1	3	9	7	10	6	5	5	43	3	0	3	5	0	0	0	2	0	7	3	5	1	6	2	0	0	0	0	0	0	0	0	0	0	0	0	0	0	0	0	0	0	0	0	0	0	0
1	이재균	0	10	13	11	12	8	11	2	38	10	0	0	0	0	0	0	0	0	0	0	0	0	0	0	0	0	0	0	0	0	0	0	0	0	0	0	0	0	0	0	0	0	0	0	0	0	0
1	정미경	0	0	0	0	0	0	0	0	0	0	0	0	0	0	0	0	0	0	0	0	0	0	0	0	0	0	0	0	1	10	1	10	9	1	2	15	3	1	0	5	12	12	11	11	1	9	0
1	이석기	0	0	1	1	8	7	8	3	7	1	1	13	5	3	4	2	1	0	0	17	1	1	2	7	0	2	1	0	2	3	1	3	0	0	0	0	0	0	0	0	0	0	0	0	0	0	0
1	김근태	0	6	14	10	12	4	5	2	45	6	0	0	0	0	0	0	0	0	0	0	0	0	0	0	0	0	0	0	0	0	0	0	0	0	0	0	0	0	0	0	0	0	0	0	0	0	0
1	김용남	0	0	0	0	0	0	0	0	0	0	0	0	0	0	0	0	0	0	0	0	0	0	0	0	0	0	0	0	9	11	3	4	4	0	1	12	6	1	13	4	6	14	5	0	2	7	0
1	안철수	0	0	0	0	0	0	0	0	0	0	0	0	0	0	0	0	3	0	4	3	4	2	12	3	2	5	2	0	0	5	0	3	4	0	1	9	0	0	1	2	5	11	5	0	0	7	0
1	김형태	0	4	15	5	2	2	10	2	8	5	6	2	5	4	3	0	0	0	0	0	0	0	0	0	0	0	0	0	0	0	0	0	0	0	0	0	0	0	0	0	0	0	0	0	0	0	0
1	강창희	0	0	0	0	1	1	1	0	0	1	0	0	0	0	0	0	0	0	3	0	0	0	0	0	0	4	1	0	2	6	1	10	6	1	4	6	0	1	2	3	6	5	1	0	1	6	0
1	신상진	0	0	0	0	0	0	0	0	0	0	0	0	0	0	0	0	0	0	0	0	0	0	0	0	0	0	0	0	0	0	0	0	0	0	0	0	1	2	3	5	9	27	13	1	1	6	0
1	오신환	0	0	0	0	0	0	0	0	0	0	0	0	0	0	0	0	0	0	0	0	0	0	0	0	0	0	0	0	0	0	0	0	0	0	0	0	0	1	10	3	7	13	22	0	1	8	0
1	장정은	0	0	0	0	0	0	0	0	0	0	0	0	0	0	0	0	0	0	0	0	0	0	0	0	0	0	0	0	0	0	0	0	0	0	0	0	0	0	0	3	13	8	13	13	1	9	0
1	신문식	0	0	0	0	0	0	0	0	0	0	0	0	0	0	0	0	0	0	0	0	0	0	0	0	0	0	0	0	0	0	0	0	0	0	0	0	0	0	0	0	10	19	9	6	4	7	0
1	박근혜	12	2	5	5	0	2	5	0	0	0	0	0	0	0	0	0	0	0	0	0	0	0	0	0	0	0	0	0	0	0	0	0	0	0	0	0	0	0	0	0	0	0	0	0	0	0	0
1	천정배	0	0	0	0	0	0	0	0	0	0	0	0	0	0	0	0	0	0	0	0	0	0	0	0	0	0	0	0	0	0	0	0	0	0	0	0	0	0	1	0	0	6	6	4	0	7	0
1	정윤숙	0	0	0	0	0	0	0	0	0	0	0	0	0	0	0	0	0	0	0	0	0	0	0	0	0	0	0	0	0	0	0	0	0	0	0	0	0	0	0	0	0	0	0	0	0	6	0
1	윤금순	0	0	1	0	0	0	0	0	0	0	0	0	0	0	0	0	0	0	0	0	0	0	0	0	0	0	0	0	0	0	0	0	0	0	0	0	0	0	0	0	0	0	0	0	0	0	0